{
  "project_info": {
    "project_number": "901772278145",
    "firebase_url": "https://infs3605team5database.firebaseio.com",
    "project_id": "infs3605team5database",
    "storage_bucket": "infs3605team5database.appspot.com"
  },
  "client": [
    {
      "client_info": {
        "mobilesdk_app_id": "1:901772278145:android:8798975d1d682c65",
        "android_client_info": {
          "package_name": "com.example.cris.programplaner"
        }
      },
      "oauth_client": [
        {
          "client_id": "901772278145-22l35t62i4aj0ujvpltpc2vnjfpv3jo8.apps.googleusercontent.com",
          "client_type": 1,
          "android_info": {
            "package_name": "com.example.cris.programplaner",
            "certificate_hash": "e46870a0942cb958a9f020d0b48251c1a65950d2"
          }
        },
        {
          "client_id": "901772278145-01s964b5j0bk93brlil70phmhin109qf.apps.googleusercontent.com",
          "client_type": 1,
          "android_info": {
            "package_name": "com.example.cris.programplaner",
            "certificate_hash": "92bdfbbd03f9926d803768584c30185b6018da2d"
          }
        },
        {
          "client_id": "901772278145-96q0fm8c1gobeenj0i4aj6aieifqv71i.apps.googleusercontent.com",
          "client_type": 1,
          "android_info": {
            "package_name": "com.example.cris.programplaner",
            "certificate_hash": "8c9f94676aaa4b2540c7c36c689d8528e9bb88c4"
          }
        }
      ],
      "api_key": [
        {
          "current_key": "AIzaSyA4i-aJFMuo5RjVKhGTJiQMuBVqlGSyPMw"
        }
      ],
      "services": {
        "appinvite_service": {
          "other_platform_oauth_client": [
            {
              "client_id": "901772278145-3s0cguqvuvbm9bmtg69lg5fdhi9omrmh.apps.googleusercontent.com",
              "client_type": 3
            }
          ]
        }
      }
    }
  ],
  "configuration_version": "1"
}